{
  "profiles": {
    "violin": {
      "pnp_keypoints": {
        "center": [0.047798, 0.117523, 0.042202],
        "neck_end": [0.047798, 0.117523, 0.011927],
        "body_end": [0.047798, 0.130367, 0.042202],
        "chin_anchor": [0.047798, 0.110184, 0.046789]
      },
      "geometry": {
        "strings": {
          "G": [[0.001287, -0.004805, 0.012499], [0.000599, -0.000696, 0.038025]],
          "D": [[0.000521, -0.005048, 0.012499], [0.000197, -0.000696, 0.038025]],
          "A": [[-0.000521, -0.005048, 0.012499], [-0.000197, -0.000696, 0.038025]],
          "E": [[-0.001287, -0.004805, 0.012499], [-0.000599, -0.000696, 0.038025]]
        },
        "body_outline": [
          [0, 0, 0],
          [-0.00732, 0, 0.00528],
          [-0.00525, 0, 0.02497],
          [0, 0, 0.02802],
          [0.00525, 0, 0.02497],
          [0.00732, 0, 0.00528]
        ],
        "fingerboard": [
          [-0.00156, -0.00193, 0.01257],
          [-0.000694, -0.000196, 0.038036],
          [0.000694, -0.000196, 0.038036],
          [0.00156, -0.00193, 0.01257]
        ],
        "bow_contact": null,
        "supplementary_keypoints": {
        }
      }
    }
  }
}
